{"nextId":2,"logins":[{"id":1,"hostname":"https://accounts.viblo.asia","httpRealm":null,"formSubmitURL":"","usernameField":"","passwordField":"","encryptedUsername":"MDoEEPgAAAAAAAAAAAAAAAAAAAEwFAYIKoZIhvcNAwcECDn1Hi6viGBkBBCVPb0qV6S10+AhB/lFysR6","encryptedPassword":"MFIEEPgAAAAAAAAAAAAAAAAAAAEwFAYIKoZIhvcNAwcECIKA+mPnWCMmBCjJxTk3OSwHEdaGt70j6LbnHSRwlGsIheX6QxAtjaQocz9fX3x2KI8x","guid":"{c008541b-a4de-42ad-877a-94e97155273b}","encType":1,"timeCreated":1668481728547,"timeLastUsed":1668481728547,"timePasswordChanged":1668481728547,"timesUsed":1}],"potentiallyVulnerablePasswords":[],"dismissedBreachAlertsByLoginGUID":{},"version":3}